title,author,journal,number,cites,year,cid,pubid
Weak global trade‐off between frost and drought resistance in trees,"M Larter, G Charrier, S Delzon, W Hammond, A Baranger, C Bertrand, ...",New Phytologist,"249 (2), 810-828",1,2026,10540005632163272942,XiSMed-E-HIC
Ecological drivers and phylogenetic patterns of leaf minimum conductance variability in vascular plants,"S Trueba, R Burlett, X Bouteiller, T Burneau, G Forget, M Larter, D N'Do, ...",New Phytologist,,0,2026,NA,tOudhMTPpwUC
Drought-induced water losses after stomatal closure across vascular plants,"S Trueba, R Burlett, G Forget, M Larter, D N’Do, C Ziegler, K Middleby, ...",EGU,U26,0,2026,NA,l7t_Zn2s7bgC
MYB regulator of ‘colorless’ flavonols underlies the evolution of red flowers in Iochroma (Solanaceae),"LC Wheeler, M Larter, SD Smith",G,G3,0,2025,NA,uWQEDVKXjbEC
Evolutionary trade-off and global variation of drought and frost resistance in trees,"M Larter, S Delzon, A Baranger, G Kunstler, G Charrier",Xylem International Meeting,"6, 1 p.",0,2025,NA,WbkHhVStYXYC
Living on the edge–physiological tolerance to frost and drought explains range limits of 35 European tree species,"A Baranger, T Cordonnier, G Charrier, S Delzon, M Larter, ...","Ecography, e",e07528,13,2024,12654795381037671973,nb7KW1ujOQ8C
Integrating gene expression analysis and ecophysiological responses to water deficit in leaves of tomato plants,"G Bortolami, TA de Werk, M Larter, A Thonglim, B Mueller-Roeber, ...",Scientific Reports,"14 (1), 29024",5,2024,10617349273235231757,NhqRSupF_l8C
High and variable hydraulic resistance to embolism among three Asian juniper species,"M Larter, A Akhmedov, C Payne, S Delzon, T & Klein",Journal of Plant Hydraulics,10 (2),5,2024,13379835357532128946,CHSYGLWDkRkC
Global variation and trade-offs of frost and drought resistance in woody plants,"M Larter, G Charrier, S Delzon, A Baranger, G Kunstler",,,1,2024,6886665222256063813,1sJd4Hv_s6UC
Drought response in Arabidopsis displays synergistic coordination between stems and leaves,"A Thonglim, G Bortolami, S Delzon, M Larter, R Offringa, JJB Keurentjes, ...",Journal of Experimental Botany,"74 (3), 1004-1021",22,2023,6715070961177149078,EUQCXRtRnyEC
A safe breeding ground: genetically improved maritime pine for growth and stem form has more efficient but not more vulnerable xylem,"Y Song, XP Bouteiller, M Larter, C Plomion, F Sin, S Delzon",Tree Physiology,"43 (3), 366-378",9,2023,7762512145245327257,_xSYboBqXhAC
Xylem functional trait trade-offs and tree species responses to drought and cold stresses in NA and EU forests,"M Larter, L Touzot, A Baranger, C Payne, G Capdeville, T Cordonnier, ...",,,0,2022,NA,b0M2c_1WBrUC
Intervessel pit membrane thickness best explains variation in embolism resistance amongst stems of Arabidopsis thaliana accessions,"A Thonglim, S Delzon, M Larter, O Karami, A Rahimi, R Offringa, ...",Annals of Botany,"128 (2), 171-182",54,2021,13103301200659352263,D03iK_w7-QYC
Temporal and palaeoclimatic context of the evolution of insular woodiness in the Canary Islands,"A Hooft van Huysduynen, S Janssens, V Merckx, R Vos, L Valente, ...",Ecology and Evolution,"11 (17), 12220-12231",32,2021,2418848309487849389,f2IySw72cVMC
The global vulnerability of plant xylem,"W Hammond, B Choat, D Johnson, M Ali Ahmed, L Anderegg, TS Barigah, ...",AGU Fall Meeting Abstracts,"2021, B31F-07",4,2021,8820825800448355565,bFI3QPDXJZMC
Repeated evolution of a morphological novelty: a phylogenetic analysis of the inflated fruiting calyx in the Physalideae tribe (Solanaceae),"R Deanna, MD Larter, GE Barboza, SD Smith",American Journal of Botany,"106 (2), 270-279",56,2019,16499343858503107949,3s1wT3WcHBgC
Developmental control of convergent floral pigmentation across evolutionary timescales,"M Larter, A Dunbar‐Wallis, AE Berardi, SD Smith",Developmental Dynamics,"248 (11), 1091-1100",15,2019,7438410019076898696,u_35RYKgDlwC
Convergent evolution at the pathway level: predictable regulatory changes during flower color transitions,"M Larter, A Dunbar-Wallis, AE Berardi, SD Smith",Molecular Biology and Evolution,"35 (9), 2159-2169",51,2018,11201834981456518859,SeFeTyx0c_EC
Aridity drove the evolution of extreme embolism resistance and the radiation of conifer genus Callitris,"M Larter, S Pfautsch, JC Domec, S Trueba, N Nagalingum, S Delzon",New Phytologist,"215 (1), 97-112",224,2017,4804134455145345797,M05iB0D1s5AC
Mexican conifers differ in their capacity to face climate change,"C Sáenz-Romero, M Larter, N González-Muñoz, C Wehenkel, ...",Journal of Plant Hydraulics,"4, e003",18,2017,"5266428869511454346,17018064034514700464",2P1L_qKh6hAC
Host range expansion is density dependent,"B Castagneyrol, H Jactel, EG Brockerhoff, N Perrette, M Larter, S Delzon, ...",Oecologia,"182 (3), 779-788",26,2016,"1773796631811663665,16343117280638727458",vV6vV6tmYwMC
The evolution of cavitation resistance in conifers,M Larter,Université de Bordeaux,,5,2016,"4400578564590185328,12665305439204621830",70eg2SAEIzsC
Extreme aridity pushes trees to their physical limits,"M Larter, TJ Brodribb, S Pfautsch, R Burlett, H Cochard, S Delzon",Plant Physiology,"168 (3), 804-807",85,2015,12592353405320477884,RYcK_YlVTxYC
A broad survey of hydraulic and mechanical safety in the xylem of conifers,"PS Bouche, M Larter, JC Domec, R Burlett, P Gasson, S Jansen, S Delzon",Journal of Experimental Botany,"65 (15), 4419-4431",243,2014,"7598971997742984615,1531316099610413598",RGFaLdJalmkC
History of the invasive African olive tree in Australia and Hawaii: evidence for sequential bottlenecks and hybridization with the Mediterranean olive,"G Besnard, J Dupuy, M Larter, P Cuneo, D Cooke, L Chikhi",Evolutionary Applications,"7 (2), 195-211",44,2014,7337423886656513929,u5HHmVD_uO8C
"Les conifères, une famille à évolution complexe","M Larter, P Bouche",Jardins de France,,0,2013,NA,cFHS6HbyZ2cC
Le Pinetum de Bedgebury:«la plus belle collection de conifères du monde»,M Larter,Jardins de France,,0,2013,NA,dfsIfKJdRG4C
New Phytologist Supporting Information,"M Larter, G Charrier, S Delzon, W Hammond, A Baranger, C Bertrand, ...",,,0,NA,NA,738O_yMBCRsC
MYB regulator of ‘colorless’ flavonols underlies the evolution of red flowers in Iochroma,"LC Wheeler, M Larter, SD Smith",Phytochemistry,"130, 119-2",0,NA,NA,p2g8aNsByqUC
